﻿<?xml version="1.0" encoding="utf-8" ?>
<Defs>

	<!-- Coming soon! Just needs art! -->

  <!--<ThingDef ParentName="FurnitureWithQualityBase">
    <defName>RC2_Hookah</defName>
    <label>hookah lounge</label>
    <description>The ancient game of kings. Fun for a few hours here and there, even playing alone. It trains intellectual skills.</description>
    <graphicData>
      <texPath>Things/Building/Joy/ChessTable</texPath>
      <graphicClass>Graphic_Single</graphicClass>
      <shadowData>
        <volume>(0.65, 0.25, 0.6)</volume>
        <offset>(0, 0, -0.15)</offset>
      </shadowData>
      <damageData>
        <rect>(0.09375,0.296875,0.796875,0.703125)</rect>
        <cornerTL>Damage/Corner</cornerTL>
        <cornerTR>Damage/Corner</cornerTR>
        <cornerBL>Damage/Corner</cornerBL>
        <cornerBR>Damage/Corner</cornerBR>
      </damageData>
    </graphicData>
	<tickerType>Normal</tickerType>
    <altitudeLayer>Building</altitudeLayer>
    <rotatable>false</rotatable>
    <socialPropernessMatters>true</socialPropernessMatters>
    <fillPercent>0.40</fillPercent>
    <minTechLevelToBuild>Medieval</minTechLevelToBuild>
    <building>
      <joyKind>Chemical</joyKind>
    </building>
    <researchPrerequisites>
      <li>ComplexFurniture</li>
    </researchPrerequisites>
    <statBases>
      <MaxHitPoints>100</MaxHitPoints>
      <WorkToBuild>8000</WorkToBuild>
      <Mass>5</Mass>
      <Flammability>1.0</Flammability>
      <Beauty>4</Beauty>
      <JoyGainFactor>1.2</JoyGainFactor>
    </statBases>
	<comps>
       <li Class="CompProperties_Refuelable">
        <fuelConsumptionRate>2.5</fuelConsumptionRate>
        <fuelCapacity>10.0</fuelCapacity>
        <fuelFilter>
          <thingDefs>
            <li>RC2_RawTobacco</li>
          </thingDefs>
        </fuelFilter>
      </li>
      <li>
        <compClass>CompGatherSpot</compClass>
      </li>
	  <li Class="CompProperties_RoomIdentifier">
		<roomStat>Impressiveness</roomStat>
		</li>
    </comps>
    <stuffCategories>
      <li>Metallic</li>
    </stuffCategories>
    <costStuffCount>75</costStuffCount>
    <pathCost>50</pathCost>
    <passability>PassThroughOnly</passability>
    <designationCategory>Joy</designationCategory>
    <designationHotKey>Misc2</designationHotKey>
  </ThingDef>
  
  <JoyGiverDef>
    <defName>RC2_Smoke_Hookah</defName>
    <giverClass>JoyGiver_InteractBuildingSitAdjacent</giverClass>
    <baseChance>3</baseChance>
    <thingDefs>
      <li>RC2_Hookah</li>
    </thingDefs>
    <jobDef>RC2_SmokeatHookah</jobDef>
    <joyKind>Chemical</joyKind>
    <requiredCapacities>
      <li>Breathing</li>
      <li>Manipulation</li>
    </requiredCapacities>
  </JoyGiverDef>
  
  <JobDef>
    <defName>RC2_SmokeatHookah</defName>
    <driverClass>JobDriver_SitFacingBuilding</driverClass>
    <reportString>smoking at a hookah.</reportString>
    <joyDuration>4000</joyDuration>
    <joyMaxParticipants>4</joyMaxParticipants>
    <joyKind>Chemical</joyKind>
  </JobDef>-->
  
</Defs>
